name,email,address,gender,subscribe,city
Hamza,hamza@gmail.com,bismillahtown,Male,yes,karachi
Qayoom,Qayoom@gmail.com,latifabadno12,Male,yes ,Hyd
anas,anas@gmail.com,latifabadno10,Male,no,lahore
Hassan,hassan@gmail.com,latifabad no 05,Male,yes,Hyd
Hadi,hadi@gmail.com0,latifabad no 09,Male,no,lahore
nimra,nimra@gmail.com,korangi,female,yes,karachi
zarnab,zarnab@gmail.com,zealpak,female,no,Hyd